candidate_id,candidate_group,group_count,final_score,failing_score_components,replay_support,backtest_support,evidence_maturity,proxy_dependence,sample_size,regime_fit,primary_failure_reason,fixability,poor_candidate_or_poor_validation,source_basis
GROUP::FINAL_SCORE_BELOW_0_7,all final qualification failures,490,avg=0.664326; median=0.666771; threshold=0.7,evidence_maturity; historical_replay; research_effectiveness; hypothesis_survival; candidate_quality_signal; regime_coverage; proxy_penalty,mixed; preliminary replay-derived edge avg=0.68293 below threshold before backtest-aware credit,"mixed; 228 supported overall, but 372 weak or insufficient-data classifications",average component value 0.65; largest component suppression 0.0595,universal proxy penalty count=600,sample-size penalty count=156,average regime coverage component=0.55; suppression=0.036,aggregate final score remains below 0.7,MIXED,mixed: low maturity and replay limits indicate validation/evidence gaps; weak backtests indicate true rejection for some,backtest_aware_final_qualification.summary; edge_qualification_gate_audit.component_suppression_rank
GROUP::BACKTEST_WEAK,failed candidates with weak backtest classification,216,<0.7 by definition for this failure group,backtest_evidence_score; profit_factor; expectancy; max_drawdown_inverse; replay_backtest_consistency,insufficient to offset weak backtest classification,BACKTEST_WEAK,weak empirical support; generated/replay evidence not enough,proxy penalty also applies globally,varies; not the defining suppressor,varies,backtest classification BACKTEST_WEAK,TRUE_REJECTION_OR_MAJOR_REDESIGN,more poor candidate/evidence than pure validation gap,backtest_aware_final_qualification.summary.main_final_disqualification_reasons
GROUP::INSUFFICIENT_DATA,failed candidates with insufficient-data backtest classification,156,<0.7 by definition for this failure group,sample_size; missing_evidence_penalty; backtest_evidence_score,not enough usable samples to support qualification,INSUFFICIENT_DATA,immature; missing evidence penalty overlaps sample-size penalty,proxy penalty also applies globally,sample-size penalty count=156; missing evidence penalty count=156,varies; sample filtering can interact with regime fit,backtest classification INSUFFICIENT_DATA,FIXABLE_VALIDATION_GAP,more poor validation/data sufficiency than proven poor candidate,backtest_aware_final_qualification.summary; component_suppression
GROUP::LOW_SCORE_ONLY,failed candidates below threshold without weak/insufficient-data label in aggregate accounting,118,0.65-0.70 band implied by threshold sensitivity for many candidates,component suppression across evidence_maturity; historical_replay; research_effectiveness; hypothesis_survival; candidate_quality_signal; regime_coverage,directional but below threshold,not classified weak/insufficient in aggregate bucket,moderate but not enough for 0.7 threshold,proxy penalty also applies globally,not primary group driver,moderate; average regime coverage 0.55,score margin below 0.7 from cumulative component suppression,FIXABLE_OR_RETESTABLE,"mostly validation threshold/evidence maturity gap, not obvious true rejection",derived from 490 - 216 - 156
GROUP::PROXY_DEPENDENCY,overlapping evidence weakness among evaluated candidates,600,overlapping suppressor; not additive with 490 failures,proxy dependency,affected by evidence weakness,varies,suppressed,yes,varies,varies,proxy dependency,FIXABLE_VALIDATION_GAP,poor validation/evidence fidelity,final_candidate_ranking.main_remaining_evidence_weaknesses
GROUP::FRAGILE_DRAWDOWN,overlapping evidence weakness among evaluated candidates,348,overlapping suppressor; not additive with 490 failures,fragile drawdown,affected by evidence weakness,varies,varies,possible,varies,varies,fragile drawdown,TRUE_REJECTION_OR_MAJOR_REDESIGN,candidate fragility likely material,final_candidate_ranking.main_remaining_evidence_weaknesses
GROUP::INTRADAY_DAILY_MISMATCH,overlapping evidence weakness among evaluated candidates,180,overlapping suppressor; not additive with 490 failures,intraday/daily mismatch,affected by evidence weakness,varies,varies,possible,varies,timeframe mismatch can weaken regime fit,intraday/daily mismatch,FIXABLE_VALIDATION_GAP,poor validation fidelity,final_candidate_ranking.main_remaining_evidence_weaknesses
GROUP::LOW_SAMPLE_SIZE,overlapping evidence weakness among evaluated candidates,156,overlapping suppressor; not additive with 490 failures,low sample size,affected by evidence weakness,varies,varies,possible,low,varies,low sample size,FIXABLE_VALIDATION_GAP,poor validation/sample availability,final_candidate_ranking.main_remaining_evidence_weaknesses
GROUP::MISSING_EVIDENCE,overlapping evidence weakness among evaluated candidates,156,overlapping suppressor; not additive with 490 failures,missing evidence,affected by evidence weakness,varies,suppressed,possible,varies,varies,missing evidence,FIXABLE_VALIDATION_GAP,poor evidence maturity,final_candidate_ranking.main_remaining_evidence_weaknesses
GROUP::COMPONENT_EVIDENCE_MATURITY,average qualification component suppressor,600,average contribution=0.1105; suppression_vs_max=0.0595,evidence_maturity,component-level aggregate,edge qualification excludes backtest evidence in gate audit,component driver,not directly encoded at edge gate,varies,varies,average evidence_maturity contribution below max,FIXABLE_VALIDATION_GAP,poor validation/evidence maturity,edge_qualification_gate_audit.component_suppression_rank
GROUP::COMPONENT_HISTORICAL_REPLAY,average qualification component suppressor,600,average contribution=0.092331; suppression_vs_max=0.057669,historical_replay,component-level aggregate,edge qualification excludes backtest evidence in gate audit,varies,not directly encoded at edge gate,sample-size affects historical replay component,varies,average historical_replay contribution below max,FIXABLE_VALIDATION_GAP,poor validation/evidence maturity,edge_qualification_gate_audit.component_suppression_rank
GROUP::COMPONENT_RESEARCH_EFFECTIVENESS,average qualification component suppressor,600,average contribution=0.118999; suppression_vs_max=0.051001,research_effectiveness,component-level aggregate,edge qualification excludes backtest evidence in gate audit,varies,not directly encoded at edge gate,varies,varies,average research_effectiveness contribution below max,MIXED,mixed,edge_qualification_gate_audit.component_suppression_rank
GROUP::COMPONENT_HYPOTHESIS_SURVIVAL,average qualification component suppressor,600,average contribution=0.0858; suppression_vs_max=0.0442,hypothesis_survival,component-level aggregate,edge qualification excludes backtest evidence in gate audit,varies,not directly encoded at edge gate,varies,varies,average hypothesis_survival contribution below max,MIXED,mixed,edge_qualification_gate_audit.component_suppression_rank
GROUP::COMPONENT_CANDIDATE_QUALITY_SIGNAL,average qualification component suppressor,600,average contribution=0.0897; suppression_vs_max=0.0403,candidate_quality_signal,component-level aggregate,edge qualification excludes backtest evidence in gate audit,varies,not directly encoded at edge gate,varies,varies,average candidate_quality_signal contribution below max,MIXED,mixed,edge_qualification_gate_audit.component_suppression_rank
GROUP::COMPONENT_REGIME_COVERAGE,average qualification component suppressor,600,average contribution=0.044; suppression_vs_max=0.036,regime_coverage,component-level aggregate,edge qualification excludes backtest evidence in gate audit,varies,not directly encoded at edge gate,varies,primary component,average regime_coverage contribution below max,FIXABLE_VALIDATION_GAP,poor validation/evidence maturity,edge_qualification_gate_audit.component_suppression_rank
ptc_backtest_final_009acc9a8738e8f0,materialized REJECT_FOR_NOW preview row,1,0.682689,final_score,not materialized in final ranking row; inferred insufficient to qualify,not explicitly weak/insufficient in preview,moderate/weak,global proxy penalty applies to all evaluated candidates,1540,UNKNOWN,final_score below 0.7,FIXABLE_OR_RETESTABLE,mixed threshold/evidence maturity,final_candidate_ranking.excluded_candidates preview
ptc_backtest_final_00ddd14158f5530b,materialized REJECT_FOR_NOW preview row,1,0.621197,sample_size; missing_evidence_penalty; final_score,not materialized in final ranking row; inferred insufficient to qualify,INSUFFICIENT_DATA,low,global proxy penalty applies to all evaluated candidates,0,LOW_VOLATILITY,final_score below 0.7; backtest classification INSUFFICIENT_DATA,FIXABLE_VALIDATION_GAP,poor validation/sample availability,final_candidate_ranking.excluded_candidates preview
ptc_backtest_final_00fac299fa02a3a9,materialized REJECT_FOR_NOW preview row,1,0.654562,backtest_evidence_score; profit_factor; expectancy; drawdown; final_score,not materialized in final ranking row; inferred insufficient to qualify,BACKTEST_WEAK,moderate/weak,global proxy penalty applies to all evaluated candidates,1836,TRENDING,final_score below 0.7; backtest classification BACKTEST_WEAK,TRUE_REJECTION_OR_MAJOR_REDESIGN,poor candidate/evidence,final_candidate_ranking.excluded_candidates preview
ptc_backtest_final_0201292a9823e314,materialized REJECT_FOR_NOW preview row,1,0.677634,final_score,not materialized in final ranking row; inferred insufficient to qualify,not explicitly weak/insufficient in preview,moderate/weak,global proxy penalty applies to all evaluated candidates,1540,UNKNOWN,final_score below 0.7,FIXABLE_OR_RETESTABLE,mixed threshold/evidence maturity,final_candidate_ranking.excluded_candidates preview
ptc_backtest_final_02630f234d5edbab,materialized REJECT_FOR_NOW preview row,1,0.607147,sample_size; missing_evidence_penalty; final_score,not materialized in final ranking row; inferred insufficient to qualify,INSUFFICIENT_DATA,low,global proxy penalty applies to all evaluated candidates,0,LOW_VOLATILITY,final_score below 0.7; backtest classification INSUFFICIENT_DATA,FIXABLE_VALIDATION_GAP,poor validation/sample availability,final_candidate_ranking.excluded_candidates preview
ptc_backtest_final_02881049f0191b18,materialized REJECT_FOR_NOW preview row,1,0.690446,final_score,not materialized in final ranking row; inferred insufficient to qualify,not explicitly weak/insufficient in preview,moderate/weak,global proxy penalty applies to all evaluated candidates,35,HIGH_VOLATILITY,final_score below 0.7,FIXABLE_OR_RETESTABLE,mixed threshold/evidence maturity,final_candidate_ranking.excluded_candidates preview
ptc_backtest_final_03db5cf7c3b7bb99,materialized REJECT_FOR_NOW preview row,1,0.678027,backtest_evidence_score; profit_factor; expectancy; drawdown; final_score,not materialized in final ranking row; inferred insufficient to qualify,BACKTEST_WEAK,moderate/weak,global proxy penalty applies to all evaluated candidates,648,TRENDING,final_score below 0.7; backtest classification BACKTEST_WEAK,TRUE_REJECTION_OR_MAJOR_REDESIGN,poor candidate/evidence,final_candidate_ranking.excluded_candidates preview
ptc_backtest_final_040dea316c6d1917,materialized REJECT_FOR_NOW preview row,1,0.658838,final_score,not materialized in final ranking row; inferred insufficient to qualify,not explicitly weak/insufficient in preview,moderate/weak,global proxy penalty applies to all evaluated candidates,374,UNKNOWN,final_score below 0.7,FIXABLE_OR_RETESTABLE,mixed threshold/evidence maturity,final_candidate_ranking.excluded_candidates preview
ptc_backtest_final_042ef18d74cfe0e1,materialized REJECT_FOR_NOW preview row,1,0.660083,backtest_evidence_score; profit_factor; expectancy; drawdown; final_score,not materialized in final ranking row; inferred insufficient to qualify,BACKTEST_WEAK,moderate/weak,global proxy penalty applies to all evaluated candidates,215,TRENDING,final_score below 0.7; backtest classification BACKTEST_WEAK,TRUE_REJECTION_OR_MAJOR_REDESIGN,poor candidate/evidence,final_candidate_ranking.excluded_candidates preview
ptc_backtest_final_045abee318c2560a,materialized REJECT_FOR_NOW preview row,1,0.674959,final_score,not materialized in final ranking row; inferred insufficient to qualify,not explicitly weak/insufficient in preview,moderate/weak,global proxy penalty applies to all evaluated candidates,285,UNKNOWN,final_score below 0.7,FIXABLE_OR_RETESTABLE,mixed threshold/evidence maturity,final_candidate_ranking.excluded_candidates preview
ptc_backtest_final_046a9dbf853f7c42,materialized REJECT_FOR_NOW preview row,1,0.642909,backtest_evidence_score; profit_factor; expectancy; drawdown; final_score,not materialized in final ranking row; inferred insufficient to qualify,BACKTEST_WEAK,moderate/weak,global proxy penalty applies to all evaluated candidates,57,HIGH_VOLATILITY,final_score below 0.7; backtest classification BACKTEST_WEAK,TRUE_REJECTION_OR_MAJOR_REDESIGN,poor candidate/evidence,final_candidate_ranking.excluded_candidates preview
ptc_backtest_final_04a687b081d95eae,materialized REJECT_FOR_NOW preview row,1,0.663712,final_score,not materialized in final ranking row; inferred insufficient to qualify,not explicitly weak/insufficient in preview,moderate/weak,global proxy penalty applies to all evaluated candidates,374,UNKNOWN,final_score below 0.7,FIXABLE_OR_RETESTABLE,mixed threshold/evidence maturity,final_candidate_ranking.excluded_candidates preview
ptc_backtest_final_05e4c8563adf27d6,materialized REJECT_FOR_NOW preview row,1,0.610084,sample_size; missing_evidence_penalty; final_score,not materialized in final ranking row; inferred insufficient to qualify,INSUFFICIENT_DATA,low,global proxy penalty applies to all evaluated candidates,0,LOW_VOLATILITY,final_score below 0.7; backtest classification INSUFFICIENT_DATA,FIXABLE_VALIDATION_GAP,poor validation/sample availability,final_candidate_ranking.excluded_candidates preview
ptc_backtest_final_06285ebbca73ade3,materialized REJECT_FOR_NOW preview row,1,0.656661,backtest_evidence_score; profit_factor; expectancy; drawdown; final_score,not materialized in final ranking row; inferred insufficient to qualify,BACKTEST_WEAK,moderate/weak,global proxy penalty applies to all evaluated candidates,215,TRENDING,final_score below 0.7; backtest classification BACKTEST_WEAK,TRUE_REJECTION_OR_MAJOR_REDESIGN,poor candidate/evidence,final_candidate_ranking.excluded_candidates preview
ptc_backtest_final_071fe8d8468f11a7,materialized REJECT_FOR_NOW preview row,1,0.65658,backtest_evidence_score; profit_factor; expectancy; drawdown; final_score,not materialized in final ranking row; inferred insufficient to qualify,BACKTEST_WEAK,moderate/weak,global proxy penalty applies to all evaluated candidates,45,HIGH_VOLATILITY,final_score below 0.7; backtest classification BACKTEST_WEAK,TRUE_REJECTION_OR_MAJOR_REDESIGN,poor candidate/evidence,final_candidate_ranking.excluded_candidates preview
ptc_backtest_final_07a3db2ceac1653d,materialized REJECT_FOR_NOW preview row,1,0.678742,backtest_evidence_score; profit_factor; expectancy; drawdown; final_score,not materialized in final ranking row; inferred insufficient to qualify,BACKTEST_WEAK,moderate/weak,global proxy penalty applies to all evaluated candidates,571,CHOP,final_score below 0.7; backtest classification BACKTEST_WEAK,TRUE_REJECTION_OR_MAJOR_REDESIGN,poor candidate/evidence,final_candidate_ranking.excluded_candidates preview
ptc_backtest_final_07f06de12ebbb482,materialized REJECT_FOR_NOW preview row,1,0.636064,backtest_evidence_score; profit_factor; expectancy; drawdown; final_score,not materialized in final ranking row; inferred insufficient to qualify,BACKTEST_WEAK,moderate/weak,global proxy penalty applies to all evaluated candidates,2542,UNKNOWN,final_score below 0.7; backtest classification BACKTEST_WEAK,TRUE_REJECTION_OR_MAJOR_REDESIGN,poor candidate/evidence,final_candidate_ranking.excluded_candidates preview
ptc_backtest_final_08fedcae31873c91,materialized REJECT_FOR_NOW preview row,1,0.67199,backtest_evidence_score; profit_factor; expectancy; drawdown; final_score,not materialized in final ranking row; inferred insufficient to qualify,BACKTEST_WEAK,moderate/weak,global proxy penalty applies to all evaluated candidates,442,TRENDING,final_score below 0.7; backtest classification BACKTEST_WEAK,TRUE_REJECTION_OR_MAJOR_REDESIGN,poor candidate/evidence,final_candidate_ranking.excluded_candidates preview
ptc_backtest_final_0a75270e4aced70b,materialized REJECT_FOR_NOW preview row,1,0.642209,sample_size; missing_evidence_penalty; final_score,not materialized in final ranking row; inferred insufficient to qualify,INSUFFICIENT_DATA,low,global proxy penalty applies to all evaluated candidates,26,HIGH_VOLATILITY,final_score below 0.7; backtest classification INSUFFICIENT_DATA,FIXABLE_VALIDATION_GAP,poor validation/sample availability,final_candidate_ranking.excluded_candidates preview
ptc_backtest_final_0a7c84f1f05a917e,materialized REJECT_FOR_NOW preview row,1,0.657304,backtest_evidence_score; profit_factor; expectancy; drawdown; final_score,not materialized in final ranking row; inferred insufficient to qualify,BACKTEST_WEAK,moderate/weak,global proxy penalty applies to all evaluated candidates,149,HIGH_VOLATILITY,final_score below 0.7; backtest classification BACKTEST_WEAK,TRUE_REJECTION_OR_MAJOR_REDESIGN,poor candidate/evidence,final_candidate_ranking.excluded_candidates preview
ptc_backtest_final_0b99fbe63c99fafa,materialized REJECT_FOR_NOW preview row,1,0.683335,backtest_evidence_score; profit_factor; expectancy; drawdown; final_score,not materialized in final ranking row; inferred insufficient to qualify,BACKTEST_WEAK,moderate/weak,global proxy penalty applies to all evaluated candidates,571,CHOP,final_score below 0.7; backtest classification BACKTEST_WEAK,TRUE_REJECTION_OR_MAJOR_REDESIGN,poor candidate/evidence,final_candidate_ranking.excluded_candidates preview
ptc_backtest_final_0c34f820682f2bf0,materialized REJECT_FOR_NOW preview row,1,0.670357,backtest_evidence_score; profit_factor; expectancy; drawdown; final_score,not materialized in final ranking row; inferred insufficient to qualify,BACKTEST_WEAK,moderate/weak,global proxy penalty applies to all evaluated candidates,209,CHOP,final_score below 0.7; backtest classification BACKTEST_WEAK,TRUE_REJECTION_OR_MAJOR_REDESIGN,poor candidate/evidence,final_candidate_ranking.excluded_candidates preview
ptc_backtest_final_0c44012b7d461f9b,materialized REJECT_FOR_NOW preview row,1,0.673368,backtest_evidence_score; profit_factor; expectancy; drawdown; final_score,not materialized in final ranking row; inferred insufficient to qualify,BACKTEST_WEAK,moderate/weak,global proxy penalty applies to all evaluated candidates,93,CHOP,final_score below 0.7; backtest classification BACKTEST_WEAK,TRUE_REJECTION_OR_MAJOR_REDESIGN,poor candidate/evidence,final_candidate_ranking.excluded_candidates preview
ptc_backtest_final_0cceb8ceae37fa1b,materialized REJECT_FOR_NOW preview row,1,0.653365,backtest_evidence_score; profit_factor; expectancy; drawdown; final_score,not materialized in final ranking row; inferred insufficient to qualify,BACKTEST_WEAK,moderate/weak,global proxy penalty applies to all evaluated candidates,179,CHOP,final_score below 0.7; backtest classification BACKTEST_WEAK,TRUE_REJECTION_OR_MAJOR_REDESIGN,poor candidate/evidence,final_candidate_ranking.excluded_candidates preview
ptc_backtest_final_0d062d53e36215bc,materialized REJECT_FOR_NOW preview row,1,0.699542,final_score,not materialized in final ranking row; inferred insufficient to qualify,not explicitly weak/insufficient in preview,moderate/weak,global proxy penalty applies to all evaluated candidates,3075,TRENDING,final_score below 0.7,FIXABLE_OR_RETESTABLE,mixed threshold/evidence maturity,final_candidate_ranking.excluded_candidates preview
ptc_backtest_final_0d74c3a730acb174,materialized REJECT_FOR_NOW preview row,1,0.66062,backtest_evidence_score; profit_factor; expectancy; drawdown; final_score,not materialized in final ranking row; inferred insufficient to qualify,BACKTEST_WEAK,moderate/weak,global proxy penalty applies to all evaluated candidates,179,CHOP,final_score below 0.7; backtest classification BACKTEST_WEAK,TRUE_REJECTION_OR_MAJOR_REDESIGN,poor candidate/evidence,final_candidate_ranking.excluded_candidates preview
ptc_backtest_final_0df2fa30ffcbc127,materialized REJECT_FOR_NOW preview row,1,0.624902,sample_size; missing_evidence_penalty; final_score,not materialized in final ranking row; inferred insufficient to qualify,INSUFFICIENT_DATA,low,global proxy penalty applies to all evaluated candidates,0,LOW_VOLATILITY,final_score below 0.7; backtest classification INSUFFICIENT_DATA,FIXABLE_VALIDATION_GAP,poor validation/sample availability,final_candidate_ranking.excluded_candidates preview
ptc_backtest_final_0e47e54d68df23b2,materialized REJECT_FOR_NOW preview row,1,0.608082,sample_size; missing_evidence_penalty; final_score,not materialized in final ranking row; inferred insufficient to qualify,INSUFFICIENT_DATA,low,global proxy penalty applies to all evaluated candidates,0,LOW_VOLATILITY,final_score below 0.7; backtest classification INSUFFICIENT_DATA,FIXABLE_VALIDATION_GAP,poor validation/sample availability,final_candidate_ranking.excluded_candidates preview
ptc_backtest_final_0ea60d559ba9d153,materialized REJECT_FOR_NOW preview row,1,0.610571,sample_size; missing_evidence_penalty; final_score,not materialized in final ranking row; inferred insufficient to qualify,INSUFFICIENT_DATA,low,global proxy penalty applies to all evaluated candidates,0,LOW_VOLATILITY,final_score below 0.7; backtest classification INSUFFICIENT_DATA,FIXABLE_VALIDATION_GAP,poor validation/sample availability,final_candidate_ranking.excluded_candidates preview
ptc_backtest_final_0ee5a48c813c158d,materialized REJECT_FOR_NOW preview row,1,0.672996,final_score,not materialized in final ranking row; inferred insufficient to qualify,not explicitly weak/insufficient in preview,moderate/weak,global proxy penalty applies to all evaluated candidates,811,UNKNOWN,final_score below 0.7,FIXABLE_OR_RETESTABLE,mixed threshold/evidence maturity,final_candidate_ranking.excluded_candidates preview
ptc_backtest_final_101e2f4b495d0ade,materialized REJECT_FOR_NOW preview row,1,0.632317,backtest_evidence_score; profit_factor; expectancy; drawdown; final_score,not materialized in final ranking row; inferred insufficient to qualify,BACKTEST_WEAK,moderate/weak,global proxy penalty applies to all evaluated candidates,2542,UNKNOWN,final_score below 0.7; backtest classification BACKTEST_WEAK,TRUE_REJECTION_OR_MAJOR_REDESIGN,poor candidate/evidence,final_candidate_ranking.excluded_candidates preview
ptc_backtest_final_10f1125a57e3e633,materialized REJECT_FOR_NOW preview row,1,0.684308,backtest_evidence_score; profit_factor; expectancy; drawdown; final_score,not materialized in final ranking row; inferred insufficient to qualify,BACKTEST_WEAK,moderate/weak,global proxy penalty applies to all evaluated candidates,571,CHOP,final_score below 0.7; backtest classification BACKTEST_WEAK,TRUE_REJECTION_OR_MAJOR_REDESIGN,poor candidate/evidence,final_candidate_ranking.excluded_candidates preview
ptc_backtest_final_111ba2c238976aea,materialized REJECT_FOR_NOW preview row,1,0.680519,final_score,not materialized in final ranking row; inferred insufficient to qualify,not explicitly weak/insufficient in preview,moderate/weak,global proxy penalty applies to all evaluated candidates,1540,UNKNOWN,final_score below 0.7,FIXABLE_OR_RETESTABLE,mixed threshold/evidence maturity,final_candidate_ranking.excluded_candidates preview
ptc_backtest_final_11943bdfd5c2bfee,materialized REJECT_FOR_NOW preview row,1,0.621633,sample_size; missing_evidence_penalty; final_score,not materialized in final ranking row; inferred insufficient to qualify,INSUFFICIENT_DATA,low,global proxy penalty applies to all evaluated candidates,0,LOW_VOLATILITY,final_score below 0.7; backtest classification INSUFFICIENT_DATA,FIXABLE_VALIDATION_GAP,poor validation/sample availability,final_candidate_ranking.excluded_candidates preview
ptc_backtest_final_129cbc3dba0a6030,materialized REJECT_FOR_NOW preview row,1,0.662592,backtest_evidence_score; profit_factor; expectancy; drawdown; final_score,not materialized in final ranking row; inferred insufficient to qualify,BACKTEST_WEAK,moderate/weak,global proxy penalty applies to all evaluated candidates,45,HIGH_VOLATILITY,final_score below 0.7; backtest classification BACKTEST_WEAK,TRUE_REJECTION_OR_MAJOR_REDESIGN,poor candidate/evidence,final_candidate_ranking.excluded_candidates preview
ptc_backtest_final_132bed719ce20d48,materialized REJECT_FOR_NOW preview row,1,0.676962,final_score,not materialized in final ranking row; inferred insufficient to qualify,not explicitly weak/insufficient in preview,moderate/weak,global proxy penalty applies to all evaluated candidates,285,UNKNOWN,final_score below 0.7,FIXABLE_OR_RETESTABLE,mixed threshold/evidence maturity,final_candidate_ranking.excluded_candidates preview
ptc_backtest_final_133dce459bccef18,materialized REJECT_FOR_NOW preview row,1,0.649053,sample_size; missing_evidence_penalty; final_score,not materialized in final ranking row; inferred insufficient to qualify,INSUFFICIENT_DATA,low,global proxy penalty applies to all evaluated candidates,2,LOW_VOLATILITY,final_score below 0.7; backtest classification INSUFFICIENT_DATA,FIXABLE_VALIDATION_GAP,poor validation/sample availability,final_candidate_ranking.excluded_candidates preview
ptc_backtest_final_13d5b8917f072715,materialized REJECT_FOR_NOW preview row,1,0.669269,backtest_evidence_score; profit_factor; expectancy; drawdown; final_score,not materialized in final ranking row; inferred insufficient to qualify,BACKTEST_WEAK,moderate/weak,global proxy penalty applies to all evaluated candidates,209,CHOP,final_score below 0.7; backtest classification BACKTEST_WEAK,TRUE_REJECTION_OR_MAJOR_REDESIGN,poor candidate/evidence,final_candidate_ranking.excluded_candidates preview
ptc_backtest_final_13f50d7b6e9b9b1e,materialized REJECT_FOR_NOW preview row,1,0.675771,backtest_evidence_score; profit_factor; expectancy; drawdown; final_score,not materialized in final ranking row; inferred insufficient to qualify,BACKTEST_WEAK,moderate/weak,global proxy penalty applies to all evaluated candidates,343,TRENDING,final_score below 0.7; backtest classification BACKTEST_WEAK,TRUE_REJECTION_OR_MAJOR_REDESIGN,poor candidate/evidence,final_candidate_ranking.excluded_candidates preview
ptc_backtest_final_14143f615c830af7,materialized REJECT_FOR_NOW preview row,1,0.625369,sample_size; missing_evidence_penalty; final_score,not materialized in final ranking row; inferred insufficient to qualify,INSUFFICIENT_DATA,low,global proxy penalty applies to all evaluated candidates,0,CHOP,final_score below 0.7; backtest classification INSUFFICIENT_DATA,FIXABLE_VALIDATION_GAP,poor validation/sample availability,final_candidate_ranking.excluded_candidates preview
ptc_backtest_final_152adfbd23003578,materialized REJECT_FOR_NOW preview row,1,0.611758,sample_size; missing_evidence_penalty; final_score,not materialized in final ranking row; inferred insufficient to qualify,INSUFFICIENT_DATA,low,global proxy penalty applies to all evaluated candidates,0,LOW_VOLATILITY,final_score below 0.7; backtest classification INSUFFICIENT_DATA,FIXABLE_VALIDATION_GAP,poor validation/sample availability,final_candidate_ranking.excluded_candidates preview
ptc_backtest_final_158689d9e7ef68a5,materialized REJECT_FOR_NOW preview row,1,0.622539,sample_size; missing_evidence_penalty; final_score,not materialized in final ranking row; inferred insufficient to qualify,INSUFFICIENT_DATA,low,global proxy penalty applies to all evaluated candidates,0,LOW_VOLATILITY,final_score below 0.7; backtest classification INSUFFICIENT_DATA,FIXABLE_VALIDATION_GAP,poor validation/sample availability,final_candidate_ranking.excluded_candidates preview
ptc_backtest_final_15e8f1bf844a9730,materialized REJECT_FOR_NOW preview row,1,0.631163,backtest_evidence_score; profit_factor; expectancy; drawdown; final_score,not materialized in final ranking row; inferred insufficient to qualify,BACKTEST_WEAK,moderate/weak,global proxy penalty applies to all evaluated candidates,764,UNKNOWN,final_score below 0.7; backtest classification BACKTEST_WEAK,TRUE_REJECTION_OR_MAJOR_REDESIGN,poor candidate/evidence,final_candidate_ranking.excluded_candidates preview
ptc_backtest_final_1625b4258b327662,materialized REJECT_FOR_NOW preview row,1,0.623163,sample_size; missing_evidence_penalty; final_score,not materialized in final ranking row; inferred insufficient to qualify,INSUFFICIENT_DATA,low,global proxy penalty applies to all evaluated candidates,0,LOW_VOLATILITY,final_score below 0.7; backtest classification INSUFFICIENT_DATA,FIXABLE_VALIDATION_GAP,poor validation/sample availability,final_candidate_ranking.excluded_candidates preview
ptc_backtest_final_167bf746a7e16482,materialized REJECT_FOR_NOW preview row,1,0.643645,sample_size; missing_evidence_penalty; final_score,not materialized in final ranking row; inferred insufficient to qualify,INSUFFICIENT_DATA,low,global proxy penalty applies to all evaluated candidates,26,HIGH_VOLATILITY,final_score below 0.7; backtest classification INSUFFICIENT_DATA,FIXABLE_VALIDATION_GAP,poor validation/sample availability,final_candidate_ranking.excluded_candidates preview
ptc_backtest_final_17a594323c3c52e0,materialized REJECT_FOR_NOW preview row,1,0.689791,final_score,not materialized in final ranking row; inferred insufficient to qualify,not explicitly weak/insufficient in preview,moderate/weak,global proxy penalty applies to all evaluated candidates,35,HIGH_VOLATILITY,final_score below 0.7,FIXABLE_OR_RETESTABLE,mixed threshold/evidence maturity,final_candidate_ranking.excluded_candidates preview
ptc_backtest_final_17d8e91072182cdf,materialized REJECT_FOR_NOW preview row,1,0.673655,final_score,not materialized in final ranking row; inferred insufficient to qualify,not explicitly weak/insufficient in preview,moderate/weak,global proxy penalty applies to all evaluated candidates,707,UNKNOWN,final_score below 0.7,FIXABLE_OR_RETESTABLE,mixed threshold/evidence maturity,final_candidate_ranking.excluded_candidates preview
ptc_backtest_final_1984b1c0cbe16bec,materialized REJECT_FOR_NOW preview row,1,0.657744,backtest_evidence_score; profit_factor; expectancy; drawdown; final_score,not materialized in final ranking row; inferred insufficient to qualify,BACKTEST_WEAK,moderate/weak,global proxy penalty applies to all evaluated candidates,1836,TRENDING,final_score below 0.7; backtest classification BACKTEST_WEAK,TRUE_REJECTION_OR_MAJOR_REDESIGN,poor candidate/evidence,final_candidate_ranking.excluded_candidates preview
ptc_backtest_final_1996c1c3f3a598e8,materialized REJECT_FOR_NOW preview row,1,0.67506,final_score,not materialized in final ranking row; inferred insufficient to qualify,not explicitly weak/insufficient in preview,moderate/weak,global proxy penalty applies to all evaluated candidates,3120,UNKNOWN,final_score below 0.7,FIXABLE_OR_RETESTABLE,mixed threshold/evidence maturity,final_candidate_ranking.excluded_candidates preview
ptc_backtest_final_199c01b1a6e78de1,materialized REJECT_FOR_NOW preview row,1,0.627053,sample_size; missing_evidence_penalty; final_score,not materialized in final ranking row; inferred insufficient to qualify,INSUFFICIENT_DATA,low,global proxy penalty applies to all evaluated candidates,0,LOW_VOLATILITY,final_score below 0.7; backtest classification INSUFFICIENT_DATA,FIXABLE_VALIDATION_GAP,poor validation/sample availability,final_candidate_ranking.excluded_candidates preview
ptc_backtest_final_1a45cf7451e0957a,materialized REJECT_FOR_NOW preview row,1,0.65322,backtest_evidence_score; profit_factor; expectancy; drawdown; final_score,not materialized in final ranking row; inferred insufficient to qualify,BACKTEST_WEAK,moderate/weak,global proxy penalty applies to all evaluated candidates,1836,TRENDING,final_score below 0.7; backtest classification BACKTEST_WEAK,TRUE_REJECTION_OR_MAJOR_REDESIGN,poor candidate/evidence,final_candidate_ranking.excluded_candidates preview
ptc_backtest_final_1a6376409237c506,materialized REJECT_FOR_NOW preview row,1,0.65626,backtest_evidence_score; profit_factor; expectancy; drawdown; final_score,not materialized in final ranking row; inferred insufficient to qualify,BACKTEST_WEAK,moderate/weak,global proxy penalty applies to all evaluated candidates,215,TRENDING,final_score below 0.7; backtest classification BACKTEST_WEAK,TRUE_REJECTION_OR_MAJOR_REDESIGN,poor candidate/evidence,final_candidate_ranking.excluded_candidates preview
ptc_backtest_final_1ab545d55604fcec,materialized REJECT_FOR_NOW preview row,1,0.682836,backtest_evidence_score; profit_factor; expectancy; drawdown; final_score,not materialized in final ranking row; inferred insufficient to qualify,BACKTEST_WEAK,moderate/weak,global proxy penalty applies to all evaluated candidates,571,CHOP,final_score below 0.7; backtest classification BACKTEST_WEAK,TRUE_REJECTION_OR_MAJOR_REDESIGN,poor candidate/evidence,final_candidate_ranking.excluded_candidates preview
ptc_backtest_final_1b56a9a563f2aa25,materialized REJECT_FOR_NOW preview row,1,0.675125,backtest_evidence_score; profit_factor; expectancy; drawdown; final_score,not materialized in final ranking row; inferred insufficient to qualify,BACKTEST_WEAK,moderate/weak,global proxy penalty applies to all evaluated candidates,93,CHOP,final_score below 0.7; backtest classification BACKTEST_WEAK,TRUE_REJECTION_OR_MAJOR_REDESIGN,poor candidate/evidence,final_candidate_ranking.excluded_candidates preview
ptc_backtest_final_1c3fd971b2c1225f,materialized REJECT_FOR_NOW preview row,1,0.671027,backtest_evidence_score; profit_factor; expectancy; drawdown; final_score,not materialized in final ranking row; inferred insufficient to qualify,BACKTEST_WEAK,moderate/weak,global proxy penalty applies to all evaluated candidates,442,TRENDING,final_score below 0.7; backtest classification BACKTEST_WEAK,TRUE_REJECTION_OR_MAJOR_REDESIGN,poor candidate/evidence,final_candidate_ranking.excluded_candidates preview
ptc_backtest_final_1da1427baf8402d0,materialized REJECT_FOR_NOW preview row,1,0.659805,backtest_evidence_score; profit_factor; expectancy; drawdown; final_score,not materialized in final ranking row; inferred insufficient to qualify,BACKTEST_WEAK,moderate/weak,global proxy penalty applies to all evaluated candidates,45,HIGH_VOLATILITY,final_score below 0.7; backtest classification BACKTEST_WEAK,TRUE_REJECTION_OR_MAJOR_REDESIGN,poor candidate/evidence,final_candidate_ranking.excluded_candidates preview
