batch_id,artifact_id,artifact_ordinal,source_artifact_id,source_type,source_path,review_summary,reviewer,reviewed_at,usefulness_score,correctness_score,novelty_score,time_saved_score,average_score,reviewer_notes,final_classification,authority_boundary_pass,material_issue_count,recommended_follow_up,human_review_status,score_source
research_adversary_human_review_batch_001,reports/atlas_v2_research_os/research_adversary_corpus/reviews/131_hypothesis_hypothesis_031/research_adversary_review.json,131,obs_claim_a72984749e14b419,hypothesis,reports/atlas_v2_research_os/research_adversary_corpus/source_inputs/hypotheses/hypothesis_031.json,reports/atlas_v2_research_os/research_adversary_corpus/reviews/131_hypothesis_hypothesis_031/research_adversary_review_summary.md,,,,,,,,,,true,,,PENDING_HUMAN_REVIEW,UNSCORED_HUMAN_REQUIRED
research_adversary_human_review_batch_001,reports/atlas_v2_research_os/research_adversary_corpus/reviews/132_hypothesis_hypothesis_032/research_adversary_review.json,132,obs_claim_f9c4eb5f9eba25fb,hypothesis,reports/atlas_v2_research_os/research_adversary_corpus/source_inputs/hypotheses/hypothesis_032.json,reports/atlas_v2_research_os/research_adversary_corpus/reviews/132_hypothesis_hypothesis_032/research_adversary_review_summary.md,,,,,,,,,,true,,,PENDING_HUMAN_REVIEW,UNSCORED_HUMAN_REQUIRED
research_adversary_human_review_batch_001,reports/atlas_v2_research_os/research_adversary_corpus/reviews/133_hypothesis_hypothesis_033/research_adversary_review.json,133,obs_claim_d9987a632b27d8f4,hypothesis,reports/atlas_v2_research_os/research_adversary_corpus/source_inputs/hypotheses/hypothesis_033.json,reports/atlas_v2_research_os/research_adversary_corpus/reviews/133_hypothesis_hypothesis_033/research_adversary_review_summary.md,,,,,,,,,,true,,,PENDING_HUMAN_REVIEW,UNSCORED_HUMAN_REQUIRED
research_adversary_human_review_batch_001,reports/atlas_v2_research_os/research_adversary_corpus/reviews/134_hypothesis_hypothesis_034/research_adversary_review.json,134,obs_claim_60dd71713d4adfab,hypothesis,reports/atlas_v2_research_os/research_adversary_corpus/source_inputs/hypotheses/hypothesis_034.json,reports/atlas_v2_research_os/research_adversary_corpus/reviews/134_hypothesis_hypothesis_034/research_adversary_review_summary.md,,,,,,,,,,true,,,PENDING_HUMAN_REVIEW,UNSCORED_HUMAN_REQUIRED
research_adversary_human_review_batch_001,reports/atlas_v2_research_os/research_adversary_corpus/reviews/135_hypothesis_hypothesis_035/research_adversary_review.json,135,obs_claim_5a6b586e4c7c9626,hypothesis,reports/atlas_v2_research_os/research_adversary_corpus/source_inputs/hypotheses/hypothesis_035.json,reports/atlas_v2_research_os/research_adversary_corpus/reviews/135_hypothesis_hypothesis_035/research_adversary_review_summary.md,,,,,,,,,,true,,,PENDING_HUMAN_REVIEW,UNSCORED_HUMAN_REQUIRED
research_adversary_human_review_batch_001,reports/atlas_v2_research_os/research_adversary_corpus/reviews/136_hypothesis_hypothesis_036/research_adversary_review.json,136,obs_claim_df00fdda61391aeb,hypothesis,reports/atlas_v2_research_os/research_adversary_corpus/source_inputs/hypotheses/hypothesis_036.json,reports/atlas_v2_research_os/research_adversary_corpus/reviews/136_hypothesis_hypothesis_036/research_adversary_review_summary.md,,,,,,,,,,true,,,PENDING_HUMAN_REVIEW,UNSCORED_HUMAN_REQUIRED
research_adversary_human_review_batch_001,reports/atlas_v2_research_os/research_adversary_corpus/reviews/137_hypothesis_hypothesis_037/research_adversary_review.json,137,obs_claim_d1b448198355368d,hypothesis,reports/atlas_v2_research_os/research_adversary_corpus/source_inputs/hypotheses/hypothesis_037.json,reports/atlas_v2_research_os/research_adversary_corpus/reviews/137_hypothesis_hypothesis_037/research_adversary_review_summary.md,,,,,,,,,,true,,,PENDING_HUMAN_REVIEW,UNSCORED_HUMAN_REQUIRED
research_adversary_human_review_batch_001,reports/atlas_v2_research_os/research_adversary_corpus/reviews/138_hypothesis_hypothesis_038/research_adversary_review.json,138,obs_claim_596143a3769dcb4f,hypothesis,reports/atlas_v2_research_os/research_adversary_corpus/source_inputs/hypotheses/hypothesis_038.json,reports/atlas_v2_research_os/research_adversary_corpus/reviews/138_hypothesis_hypothesis_038/research_adversary_review_summary.md,,,,,,,,,,true,,,PENDING_HUMAN_REVIEW,UNSCORED_HUMAN_REQUIRED
research_adversary_human_review_batch_001,reports/atlas_v2_research_os/research_adversary_corpus/reviews/139_hypothesis_hypothesis_039/research_adversary_review.json,139,obs_claim_0cacf1a1803cccb0,hypothesis,reports/atlas_v2_research_os/research_adversary_corpus/source_inputs/hypotheses/hypothesis_039.json,reports/atlas_v2_research_os/research_adversary_corpus/reviews/139_hypothesis_hypothesis_039/research_adversary_review_summary.md,,,,,,,,,,true,,,PENDING_HUMAN_REVIEW,UNSCORED_HUMAN_REQUIRED
research_adversary_human_review_batch_001,reports/atlas_v2_research_os/research_adversary_corpus/reviews/140_hypothesis_hypothesis_040/research_adversary_review.json,140,obs_claim_56e8928be49ce9d6,hypothesis,reports/atlas_v2_research_os/research_adversary_corpus/source_inputs/hypotheses/hypothesis_040.json,reports/atlas_v2_research_os/research_adversary_corpus/reviews/140_hypothesis_hypothesis_040/research_adversary_review_summary.md,,,,,,,,,,true,,,PENDING_HUMAN_REVIEW,UNSCORED_HUMAN_REQUIRED
research_adversary_human_review_batch_001,reports/atlas_v2_research_os/research_adversary_corpus/reviews/141_hypothesis_hypothesis_041/research_adversary_review.json,141,obs_claim_80082cde8834108c,hypothesis,reports/atlas_v2_research_os/research_adversary_corpus/source_inputs/hypotheses/hypothesis_041.json,reports/atlas_v2_research_os/research_adversary_corpus/reviews/141_hypothesis_hypothesis_041/research_adversary_review_summary.md,,,,,,,,,,true,,,PENDING_HUMAN_REVIEW,UNSCORED_HUMAN_REQUIRED
research_adversary_human_review_batch_001,reports/atlas_v2_research_os/research_adversary_corpus/reviews/142_hypothesis_hypothesis_042/research_adversary_review.json,142,obs_claim_1e18d24e9d113f37,hypothesis,reports/atlas_v2_research_os/research_adversary_corpus/source_inputs/hypotheses/hypothesis_042.json,reports/atlas_v2_research_os/research_adversary_corpus/reviews/142_hypothesis_hypothesis_042/research_adversary_review_summary.md,,,,,,,,,,true,,,PENDING_HUMAN_REVIEW,UNSCORED_HUMAN_REQUIRED
research_adversary_human_review_batch_001,reports/atlas_v2_research_os/research_adversary_corpus/reviews/143_hypothesis_hypothesis_043/research_adversary_review.json,143,obs_claim_03c8e5a0eee7b89b,hypothesis,reports/atlas_v2_research_os/research_adversary_corpus/source_inputs/hypotheses/hypothesis_043.json,reports/atlas_v2_research_os/research_adversary_corpus/reviews/143_hypothesis_hypothesis_043/research_adversary_review_summary.md,,,,,,,,,,true,,,PENDING_HUMAN_REVIEW,UNSCORED_HUMAN_REQUIRED
research_adversary_human_review_batch_001,reports/atlas_v2_research_os/research_adversary_corpus/reviews/144_hypothesis_hypothesis_044/research_adversary_review.json,144,obs_claim_c9c105aa2ba0e489,hypothesis,reports/atlas_v2_research_os/research_adversary_corpus/source_inputs/hypotheses/hypothesis_044.json,reports/atlas_v2_research_os/research_adversary_corpus/reviews/144_hypothesis_hypothesis_044/research_adversary_review_summary.md,,,,,,,,,,true,,,PENDING_HUMAN_REVIEW,UNSCORED_HUMAN_REQUIRED
research_adversary_human_review_batch_001,reports/atlas_v2_research_os/research_adversary_corpus/reviews/145_hypothesis_hypothesis_045/research_adversary_review.json,145,obs_claim_ff6bbf94da516c0f,hypothesis,reports/atlas_v2_research_os/research_adversary_corpus/source_inputs/hypotheses/hypothesis_045.json,reports/atlas_v2_research_os/research_adversary_corpus/reviews/145_hypothesis_hypothesis_045/research_adversary_review_summary.md,,,,,,,,,,true,,,PENDING_HUMAN_REVIEW,UNSCORED_HUMAN_REQUIRED
research_adversary_human_review_batch_001,reports/atlas_v2_research_os/research_adversary_corpus/reviews/146_hypothesis_hypothesis_046/research_adversary_review.json,146,obs_claim_f4882a85adc690e4,hypothesis,reports/atlas_v2_research_os/research_adversary_corpus/source_inputs/hypotheses/hypothesis_046.json,reports/atlas_v2_research_os/research_adversary_corpus/reviews/146_hypothesis_hypothesis_046/research_adversary_review_summary.md,,,,,,,,,,true,,,PENDING_HUMAN_REVIEW,UNSCORED_HUMAN_REQUIRED
research_adversary_human_review_batch_001,reports/atlas_v2_research_os/research_adversary_corpus/reviews/147_hypothesis_hypothesis_047/research_adversary_review.json,147,obs_claim_cefbced428b88f3a,hypothesis,reports/atlas_v2_research_os/research_adversary_corpus/source_inputs/hypotheses/hypothesis_047.json,reports/atlas_v2_research_os/research_adversary_corpus/reviews/147_hypothesis_hypothesis_047/research_adversary_review_summary.md,,,,,,,,,,true,,,PENDING_HUMAN_REVIEW,UNSCORED_HUMAN_REQUIRED
research_adversary_human_review_batch_001,reports/atlas_v2_research_os/research_adversary_corpus/reviews/148_hypothesis_hypothesis_048/research_adversary_review.json,148,obs_claim_77c64e69f079360f,hypothesis,reports/atlas_v2_research_os/research_adversary_corpus/source_inputs/hypotheses/hypothesis_048.json,reports/atlas_v2_research_os/research_adversary_corpus/reviews/148_hypothesis_hypothesis_048/research_adversary_review_summary.md,,,,,,,,,,true,,,PENDING_HUMAN_REVIEW,UNSCORED_HUMAN_REQUIRED
research_adversary_human_review_batch_001,reports/atlas_v2_research_os/research_adversary_corpus/reviews/149_hypothesis_hypothesis_049/research_adversary_review.json,149,obs_claim_5786cc094c680f30,hypothesis,reports/atlas_v2_research_os/research_adversary_corpus/source_inputs/hypotheses/hypothesis_049.json,reports/atlas_v2_research_os/research_adversary_corpus/reviews/149_hypothesis_hypothesis_049/research_adversary_review_summary.md,,,,,,,,,,true,,,PENDING_HUMAN_REVIEW,UNSCORED_HUMAN_REQUIRED
research_adversary_human_review_batch_001,reports/atlas_v2_research_os/research_adversary_corpus/reviews/150_hypothesis_hypothesis_050/research_adversary_review.json,150,obs_claim_35e81edc4a257470,hypothesis,reports/atlas_v2_research_os/research_adversary_corpus/source_inputs/hypotheses/hypothesis_050.json,reports/atlas_v2_research_os/research_adversary_corpus/reviews/150_hypothesis_hypothesis_050/research_adversary_review_summary.md,,,,,,,,,,true,,,PENDING_HUMAN_REVIEW,UNSCORED_HUMAN_REQUIRED
