rank,severity,category,debt_item,count,count_basis,estimated_impact,suggested_remediation,source_paths
1,CRITICAL,Missing Market Data,"Direct validation blocked by missing candidate-universe market data",8,"8/8 direct-validation candidates classified INSUFFICIENT_DATA; 100% block rate","Candidate validation cannot confirm whether proxy-ranked candidates survive direct replay.","Stage read-only data readiness repair by highest-leverage symbols: DIA/QQQ first, then TLT/USO/DBC, then BAC/META/MSFT/TSLA, then completion symbols.","reports/atlas_v2_research_os/direct_replay_coverage_audit_001.md; reports/atlas_v2_research_os/candidate_validation_queue_001.md"
2,CRITICAL,Missing Market Data,"Unique candidate symbols missing local data",14,"14 of 15 attributed symbols missing; only SPY available","Proxy dependency remains structural; direct replay coverage is only 6.67%.","Acquire or stage local daily and candidate-timeframe CSV coverage for repeated symbols before interpreting direct validation.","reports/atlas_v2_research_os/direct_replay_coverage_audit_001.md"
3,CRITICAL,Unvalidated Candidates,"Proxy-dependent ranked candidate universe",600,"600 evaluated candidates all carry proxy dependency weakness","All candidate conclusions remain vulnerable to SPY daily proxy artifacts and target-universe mismatch.","Treat all ranked candidate conclusions as research-only until candidate-specific data and direct replay exist.","reports/atlas_v2_research_os/final_candidate_ranking/2026-06-05/final_candidate_ranking_report.json"
4,HIGH,Qualification Gaps,"Final-score qualification suppression",490,"490 of 600 candidates below final score threshold 0.7","Most generated candidate surface cannot pass qualification even after backtest-aware scoring.","Review qualification feature penalties and separate genuine weakness from repairable missing-evidence penalties.","reports/atlas_v2_research_os/backtest_aware_final_qualification/2026-06-05/backtest_aware_final_qualification_report.json"
5,HIGH,Replay Coverage Gaps,"Backtest evidence insufficient or weak",372,"216 BACKTEST_WEAK plus 156 INSUFFICIENT_DATA out of 600","Replay/backtest support is not strong enough for most candidates; unsupported items can consume review attention.","Prioritize insufficient-data repairs first, then retire or redesign weak backtest mechanisms after human review.","reports/atlas_v2_research_os/backtest_aware_final_qualification/2026-06-05/backtest_aware_final_qualification_report.json"
6,HIGH,Duplicate Candidate Clusters,"Observation clustering over-merged source observations",50,"50/50 audited observation clusters classified OVER_MERGED","Candidate discovery may collapse distinct symbol/timeframe/source-type behavior into broad clusters and hide useful variation.","Use split dimensions already tested: symbol group, timeframe, and source_type; keep output research-only.","reports/atlas_v2_research_os/observation_diversity_audit/2026-06-05/observation_diversity_audit_report.json"
7,HIGH,Unresolved Hypotheses,"Ready hypothesis-validation backlog not processed",17,"17 current READY hypothesis-validation items; overnight run processed none","Hypothesis validation queue is accumulating faster than execution selection under current run limits.","Triage ready validation items by source lineage, information gain, and data availability before increasing generation volume.","reports/atlas_v2_research_os/claim_hypothesis_funnel/2026-06-05/claim_hypothesis_funnel_conversion_report.json"
8,HIGH,Stale Observations,"Open paper positions not near deterministic closure",47,"47 of 51 reviewed open positions had no stop-loss, take-profit, or max-hold proximity","Outcome evidence remains stale/open; validation samples cannot mature until deterministic closure occurs.","Continue read-only outcome follow-through; focus monitoring on near-threshold positions without forcing exits or new positions.","research_journal/reports/open_paper_position_outcome_follow_through_review_001.md"
9,HIGH,Unresolved Adversary Findings,"Generated-only adversary review corpus unresolved by human scoring",150,"150 adversary review artifacts; evaluation cases_evaluated=0","Assumptions, constraints, and falsification tests exist but are not converted into measured usefulness or accepted findings.","Run human scoring on a bounded sample; classify findings as accepted, rejected, duplicate, or needs evidence.","reports/atlas_v2_research_os/research_adversary_corpus/corpus_summary.md; reports/atlas_v2_research_os/research_adversary_evaluation/latest/research_adversary_evaluation_summary.json"
10,HIGH,Failure Patterns Not Yet Encoded,"Historical failure taxonomy not encoded in failure memory",18,"19 historical failure cases reviewed; only 1 explicit failure_patterns memory entry","Known negative knowledge is mostly report-bound, so future reviews can miss recurring Atlas-specific failures.","Keep implementation out of scope; for planning, prioritize read-only taxonomy lookup coverage for unencoded failures.","research_journal/reports/atlas_failure_taxonomy_validation_001.md; reports/atlas_v2_research_os/memory/failure_patterns.json"
11,HIGH,Unvalidated Candidates,"Ready-for-paper-forward candidates still lack direct validation",58,"58 candidates classified READY_FOR_PAPER_FORWARD_OBSERVATION, while direct validation block rate is 100% on validation queue","Paper-forward readiness can outrun direct evidence and create review burden.","Require human review to distinguish observation planning from validation; route top items through direct data validation queue.","reports/atlas_v2_research_os/final_candidate_ranking/2026-06-05/final_candidate_ranking_report.json; reports/atlas_v2_research_os/direct_replay_coverage_audit_001.md"
12,HIGH,Replay Coverage Gaps,"Intraday mechanisms tested with daily proxy bars",180,"180 intraday/daily mismatch penalties in qualification component suppression","Opening range, session timing, VWAP, liquidity, and event mechanisms may be invalidly approximated by daily data.","Use candidate-timeframe datasets before treating intraday mechanism replay as informative.","reports/atlas_v2_research_os/backtest_aware_final_qualification/2026-06-05/backtest_aware_final_qualification_report.json; reports/atlas_v2_research_os/candidate_backtests/2026-06-05/candidate_backtest_report.json"
13,MEDIUM,Qualification Gaps,"Candidate observation readiness missing expected failure modes",12,"12/12 reviewed candidates missing expected_failure_modes field","Observation plans lack explicit invalidation context, increasing ambiguous review outcomes.","Before observation approval, require expected failure modes as review text; no state or authority change.","reports/atlas_v2_research_os/candidate_observation_readiness/2026-06-05/candidate_observation_readiness_report.json"
14,MEDIUM,Duplicate Candidate Clusters,"Mechanism-level duplicate/overlap risk in candidate review",10,"10 mechanism clusters reviewed, each with 10 candidates","Mechanism repetition can double-count similar structural ideas across regimes.","Use representative-per-cluster review and record overlap as a research limitation.","reports/atlas_v2_research_os/candidate_review/2026-06-05/candidate_review_report.json"
15,MEDIUM,Failure Patterns Not Yet Encoded,"Adversary failure recall misses known Atlas failures",10,"10 MISS and 9 PARTIAL_HIT across 19 known failures","Research Adversary V0.1 does not reliably recover Atlas-specific negative knowledge.","Use taxonomy impact study estimates to scope human-reviewed taxonomy recall measurement before implementation.","reports/atlas_v2_research_os/research_adversary_validation/failure_recall_study_001.md; research_journal/reports/adversary_taxonomy_impact_study_001.md"
16,MEDIUM,Unresolved Hypotheses,"Generated hypotheses with zero eligible candidates after split experiment",600,"600 post-split hypotheses; 0 eligible candidates; 0 paper-forward-ready candidates","Hypothesis generation can expand volume without producing qualified downstream candidates.","Pause volume interpretation; investigate why edge threshold blocks all post-split candidates.","reports/atlas_v2_research_os/observation_cluster_split_experiment/2026-06-05/observation_cluster_split_experiment.json"
17,MEDIUM,Stale Observations,"Paper-forward outcome sample count remains tiny",2,"2 outcomes recorded: 1 survived, 1 weakened","Outcome evidence exists but remains too small and partly demo-like to settle candidate quality.","Treat as seed evidence only; continue deterministic observation logging and closed-sample accumulation.","reports/atlas_v2_research_os/paper_forward_outcomes/2026-06-05/paper_forward_outcome_report.json"
18,LOW,Unresolved Adversary Findings,"Authority violations absent but usefulness still unmeasured",0,"0 authority violations; 0 cases evaluated","Boundary safety appears clean, but value remains unmeasured rather than proven.","Keep authority boundary unchanged and measure usefulness separately from safety.","reports/atlas_v2_research_os/research_adversary_corpus/corpus_summary.md; reports/atlas_v2_research_os/research_adversary_evaluation/latest/research_adversary_evaluation_summary.json"
